S.No.,Name,Time
1,Osama,5.195014953613281
2,Osama,5.6014649868011475
3,Osama,5.78872537612915
4,Osama,6.018294095993042
5,Osama,6.13656210899353
6,Osama,6.513574123382568
7,Osama,6.784621953964233
8,Osama,6.868808746337891
